2018-07-27,bell stock slump twitter earnings gdp data stock ended week downbeat note despite strong showing amazon com,1.0,-1.0,0.22
2018-07-27,united natural supervalu deal show eating food sector supermarket teaming beat back grocery offering big box store amazon startup,1.0,1.0,0.304
2018-07-27,look beyond fang facebook plunge spectacular important event coming ahead job report fed rate setting confab chinese move,0.0,1.0,0.096
2018-07-27,gm first republic stock pick patient sarat sethi ned dewees talk like financial industrial stock amazon netflix long term view economy rosy,1.0,1.0,0.174
2018-07-27,morning mover amazon shine amid gdp fizzle stock took small hit gdp figure released amazon lifting nasdaq,1.0,1.0,0.185
2018-07-28,amazon lead tech rival era shift willingness entertain opportunity gradually becoming norm tech business,1.0,1.0,0.471
2018-07-30,intraday update tired dow slump point market despondence could signalling coming correction possibly biggest since february writes one morgan stanley analyst perhaps really time get defensive,0.0,-1.0,0.103
2018-07-30,alphabet dominance tends feed company valuation well justified fund manager told barron teresa rivas,1.0,1.0,0.375
2018-07-30,vanzandt said amazon looking entrepreneur willing start delivery service network,0.0,1.0,0.159
2018-07-31,amazon washed retail revival department store may finally right track ralph lauren gaining earnings,0.0,1.0,0.273
2018-08-01,hanesbrands earnings stock tumble target number hanesbrands tumbled following earnings news exclusive target brand come end,1.0,1.0,0.167
2018-08-02,sonos ceo say ipo show people understand magic sonos investor road show seem gone smoothly multiroom smart speaker company banker hoped,1.0,1.0,0.218
2018-08-03,amazon arguing big profit revenue question make company second quarter result,0.0,-1.0,0.192
2018-08-06,home depot lowe earnings get stock moving analyst fairly upbeat ahead home improvement retailer upcoming earnings report,1.0,1.0,0.231
2018-08-07,alphabet billion waymo could boost share morgan stanley estimate autonomous vehicle company value among highest around,1.0,1.0,0.36
2018-08-08,disney thing need happen energize stock investor believe company plan transform,1.0,1.0,0.237
2018-08-08,worry netflix disney going skinny streaming walt disney investor got hint past week company vaunted direct consumer medium streaming offering look like launch late ala presentation left wanting,1.0,1.0,0.08
2018-08-08,tom taulli investor place august even though amazon com nasdaq amzn year old company lost startup way,1.0,1.0,0.089
2018-08-08,seems like company created perpetual growth machine note amzn stock year,1.0,1.0,0.47
2018-08-08,company aggressive targeting many large market category,0.0,-1.0,0.211
2018-08-08,aws amazon web service perhaps important,0.0,1.0,0.467
2018-08-08,next amazon ad business rapidly becoming major revenue generator,0.0,1.0,0.175
2018-08-08,note amazon often considered,0.0,1.0,0.362
2018-08-08,key part success company able leverage e commerce platform helped better tie ad monetization,1.0,1.0,0.375
2018-08-08,article fortune noted made billion dollar failure amazon com,0.0,-1.0,0.275
2018-08-08,year company built core technology ai voice recognition,0.0,-1.0,0.05
2018-08-08,example majority e commerce sale come third party merchant mean lower inventory cost,0.0,-1.0,0.148
2018-08-08,fact company posted billion profit past three quarter,0.0,1.0,0.293
2018-08-08,amazon new service launch first sacramento calif,1.0,1.0,0.221
2018-08-09,rising dividend data center giant equinix largest operator data center growth company reit,1.0,1.0,0.178
2018-08-09,kind comparison used attention grabbing headline true result big profit,1.0,1.0,0.565
2018-08-09,company offer wide array marijuana related product via website country,0.0,-1.0,0.05
2018-08-09,promising news company soon make major move selling medical cannabis canada,1.0,1.0,0.213
2018-08-09,march nxttf officially received medical cannabis production license health canada become licensed producer wholly owned subsidiary cannmart,1.0,1.0,0.05
2018-08-09,leader huge upside growth potential legalization medical recreational marijuana continues expand nxttf one best positioned company,1.0,1.0,0.487
2018-08-09,big catalyst nxttf coming month anticipated approval health canada medical sale license,1.0,1.0,0.22
2018-08-09,speaking revenue company recent financials released toward end july top line grew quarter last year,1.0,1.0,0.114
2018-08-09,company recently purchased findify ab leading artificial intelligence software company,1.0,1.0,0.256
2018-08-09,use ai set nxttf apart competitor keep leader marijuana e commerce,1.0,1.0,0.05
2018-08-09,article printed investorplace medium http investorplace com namaste technology could amazon pot,1.0,1.0,0.134
2018-08-09,arkansas based company dominated low mid priced retailing generation,1.0,-1.0,0.208
2018-08-09,amazon nasdaq amzn resource compete walmart expanding network partner allow provide greater range product,1.0,1.0,0.357
2018-08-09,pioneer cloud computing amazon ability develop highly sophisticated profile user target specific effective advertising,0.0,1.0,0.524
2018-08-09,walmart stock microsoft partnership walmart taking retail world storm early microsoft nasdaq msft becoming first great company internet age,0.0,1.0,0.186
2018-08-09,alliance expected greatly improve walmart cloud computing ability,0.0,1.0,0.478
2018-08-09,retailer say migrate significant portion walmart com samsclub com microsoft azure cloud computing platform service,1.0,1.0,0.114
2018-08-09,company spent eye popping billion controlling stake india flipkart,1.0,1.0,0.05
2018-08-09,one element weighing heavily company favor relatively modest price earnings ratio currently around,1.0,1.0,0.184
2018-08-09,article printed investorplace medium http investorplace com walmart stock still buy,1.0,1.0,0.05
2018-08-09,ft lvl amazon cool name princess char acc gear account unrigistred add email account bin lmk,1.0,1.0,0.222
2018-08-09,lisa pomrenke aug th brick kyle associate cut stake amazon com inc,0.0,-1.0,0.152
2018-08-09,institutional investor owned share e commerce giant stock selling share period,1.0,1.0,0.355
2018-08-09,amazon com comprises approximately brick kyle associate portfolio making stock largest position,1.0,1.0,0.134
2018-08-09,brick kyle associate holding amazon com worth recent filing sec,1.0,1.0,0.31
2018-08-09,lee financial co boosted position amazon com first quarter,1.0,1.0,0.375
2018-08-09,lee financial co owns share e commerce giant stock valued buying additional share period,1.0,1.0,0.422
2018-08-09,purchased new stake amazon com fourth quarter valued,1.0,1.0,0.434
2018-08-09,taylor hoffman wealth management purchased new stake amazon com fourth quarter valued,1.0,1.0,0.464
2018-08-09,mark sheptoff financial planning llc boosted position amazon com first quarter,1.0,1.0,0.318
2018-08-09,mark sheptoff financial planning llc owns share e commerce giant stock valued buying additional share period,1.0,1.0,0.378
2018-08-09,institutional investor company stock,1.0,1.0,0.05
2018-08-09,get amazon com alert amazon com news svp jeffrey,1.0,1.0,0.483
2018-08-09,following completion transaction senior vice president owns share company stock valued,0.0,1.0,0.362
2018-08-09,sale disclosed legal filing security exchange commission available sec website,0.0,1.0,0.328
2018-08-09,insider sold share company stock valued last ninety day,1.0,1.0,0.421
2018-08-09,monness crespi hardt reiterated buy rating set target price share amazon com report wednesday april th,1.0,1.0,0.218
2018-08-09,med initiated coverage share amazon com report wednesday april th,1.0,1.0,0.328
2018-08-09,set buy rating target price company,1.0,1.0,0.05
2018-08-09,credit suisse group reiterated buy rating share amazon com report friday april th,0.0,1.0,0.394
2018-08-09,morgan stanley reiterated buy rating set target price share amazon com report thursday april th,1.0,1.0,0.231
2018-08-09,finally goldman sachs group reiterated buy rating share amazon com report thursday april th,1.0,1.0,0.245
2018-08-09,two equity research analyst rated stock hold rating fifty given buy rating one given strong buy rating company,1.0,1.0,0.163
2018-08-09,amazon com average rating buy average target price,1.0,1.0,0.195
2018-08-09,amazon com opened thursday marketbeat rating report,1.0,1.0,0.221
2018-08-09,company quick ratio current ratio debt equity ratio,1.0,-1.0,0.263
2018-08-09,amazon com nasdaq amzn last announced earnings result thursday july th,1.0,1.0,0.145
2018-08-09,e commerce giant reported earnings per share quarter beating zacks consensus estimate,1.0,1.0,0.155
2018-08-09,amazon com net margin return equity,1.0,1.0,0.254
2018-08-09,business revenue billion quarter compared consensus estimate billion,0.0,-1.0,0.05
2018-08-09,equity analyst anticipate amazon com inc,0.0,1.0,0.254
2018-08-09,amazon com profile amazon com inc engages retail sale consumer product subscription north america internationally,1.0,1.0,0.31
2018-08-09,company operates three segment north america international amazon web service aws segment,1.0,1.0,0.134
2018-08-10,ceo successfully run one company running two company time easy ceo pull feat,1.0,1.0,0.357
2018-08-10,stitch fix bull say continue outgrow expectation suntrust robinson humphrey started coverage company buy rating friday,1.0,1.0,0.05
2018-08-10,viacom go private question mind least one analyst earlier week,0.0,-1.0,0.05
2018-08-10,amazon frw ia enhanced damage strength dexterity lightning resist socket x blue jewel,1.0,1.0,0.398
2018-08-11,adam dyson aug th amazon com inc,0.0,1.0,0.221
2018-08-11,alberg sold share company stock transaction dated monday august th,1.0,1.0,0.196
2018-08-11,transaction disclosed legal filing security exchange commission available link,0.0,1.0,0.358
2018-08-11,amazon com opened friday according marketbeat com,1.0,1.0,0.221
2018-08-11,company debt equity ratio current ratio quick ratio,1.0,-1.0,0.263
2018-08-11,company market capitalization billion price earnings ratio price earnings growth ratio beta,1.0,1.0,0.191
2018-08-11,get amazon com alert amazon com nasdaq amzn last released quarterly earnings data thursday july th,1.0,1.0,0.301
2018-08-11,e commerce giant reported earnings per share quarter topping consensus estimate,1.0,1.0,0.196
2018-08-11,amazon com return equity net margin,1.0,1.0,0.254
2018-08-11,business revenue billion quarter compared analyst expectation billion,0.0,-1.0,0.05
2018-08-11,research analyst expect amazon com inc,1.0,1.0,0.254
2018-08-11,summit trail advisor llc lifted holding amazon com st quarter,1.0,1.0,0.159
2018-08-11,summit trail advisor llc owns share e commerce giant stock worth buying additional share period,1.0,1.0,0.364
2018-08-11,cornerstone wealth management llc lifted holding amazon com nd quarter,0.0,1.0,0.38
2018-08-11,cornerstone wealth management llc owns share e commerce giant stock worth buying additional share period,1.0,1.0,0.487
2018-08-11,private advisor group llc lifted holding amazon com nd quarter,0.0,1.0,0.159
2018-08-11,private advisor group llc owns share e commerce giant stock worth buying additional share period,1.0,1.0,0.364
2018-08-11,lifted holding amazon com nd quarter,1.0,1.0,0.254
2018-08-11,owns share e commerce giant stock worth buying additional share period,1.0,1.0,0.474
2018-08-11,finally canada pension plan investment board lifted holding amazon com nd quarter,1.0,1.0,0.134
2018-08-11,canada pension plan investment board owns share e commerce giant stock worth buying additional share period,1.0,1.0,0.344
2018-08-11,institutional investor hedge fund company stock,1.0,1.0,0.05
2018-08-11,number equity analyst recently issued report company,1.0,1.0,0.178
2018-08-11,citigroup upped price objective amazon com gave stock buy rating report friday april th,1.0,1.0,0.116
2018-08-11,piper jaffray company reiterated overweight rating issued price objective share amazon com report friday july th,0.0,-1.0,0.129
2018-08-11,cascend security assumed coverage amazon com report friday may th,1.0,1.0,0.339
2018-08-11,issued buy rating price objective company,1.0,1.0,0.05
2018-08-11,credit suisse group reiterated outperform rating issued price objective share amazon com report friday april th,0.0,1.0,0.333
2018-08-11,finally well fargo co reiterated buy rating share amazon com report friday may th,1.0,1.0,0.353
2018-08-11,amazon com amazon com inc engages retail sale consumer product subscription north america internationally,1.0,1.0,0.329
2018-08-12,iso amazon torch re offer,1.0,1.0,0.298
2018-08-12,iso amazon torch re fg,1.0,1.0,0.298
2018-08-12,might sell amazonk dont really play anymore,0.0,-1.0,0.273
2018-08-13,amazon advertising could overtake aws investor need see advertising central amazon profit growth according piperjaffray,0.0,1.0,0.447
2018-08-13,nasdaq amzn share amazon hunt first close per share,1.0,1.0,0.504
2018-08-13,lisa pomrenke aug th oppenheimer reaffirmed buy rating share amazon com nasdaq amzn research note issued investor friday morning,1.0,1.0,0.187
2018-08-13,several equity research analyst also commented amzn,1.0,1.0,0.05
2018-08-13,zacks investment research upgraded share amazon com hold rating buy rating set price objective stock research report tuesday july st,1.0,1.0,0.178
2018-08-13,macquarie reiterated buy rating share amazon com research report friday june nd,1.0,1.0,0.281
2018-08-13,nomura reiterated buy rating share amazon com research report friday july th,1.0,1.0,0.281
2018-08-13,jmp security reiterated buy rating share amazon com research report thursday june st,1.0,1.0,0.387
2018-08-13,finally canaccord genuity reiterated buy rating issued price objective share amazon com research report friday april th,1.0,1.0,0.206
2018-08-13,two investment analyst rated stock hold rating fifty given buy rating one assigned strong buy rating company,1.0,1.0,0.171
2018-08-13,get amazon com alert share nasdaq amzn traded trading friday hitting,1.0,1.0,0.433
2018-08-13,share company exchanged compared average volume,1.0,1.0,0.306
2018-08-13,amazon com year low year high,1.0,1.0,0.218
2018-08-13,company debt equity ratio quick ratio current ratio,1.0,-1.0,0.263
2018-08-13,amazon com nasdaq amzn last released quarterly earnings data thursday july th,1.0,1.0,0.134
2018-08-13,e commerce giant reported eps quarter topping consensus estimate,1.0,1.0,0.05
2018-08-13,business revenue billion quarter compared analyst estimate billion,0.0,-1.0,0.05
2018-08-13,business revenue quarter compared quarter last year,0.0,-1.0,0.05
2018-08-13,sell side analyst forecast amazon com post earnings per share current fiscal year,1.0,1.0,0.262
2018-08-13,news vp shelley reynolds sold share company stock transaction dated tuesday may th,1.0,1.0,0.155
2018-08-13,following completion transaction vice president owns share company stock valued approximately,0.0,1.0,0.362
2018-08-13,last ninety day insider sold share company stock valued,1.0,1.0,0.421
2018-08-13,corporate insider company stock,1.0,1.0,0.05
2018-08-13,marcus capital llc increased position amazon com nd quarter,1.0,1.0,0.352
2018-08-13,marcus capital llc owns share e commerce giant stock worth purchasing additional share last quarter,1.0,1.0,0.364
2018-08-13,winthrop advisory group llc increased position amazon com nd quarter,1.0,1.0,0.322
2018-08-13,winthrop advisory group llc owns share e commerce giant stock worth purchasing additional share last quarter,1.0,1.0,0.344
2018-08-13,increased position amazon com nd quarter,0.0,1.0,0.487
2018-08-13,owns share e commerce giant stock worth purchasing additional share last quarter,1.0,1.0,0.441
2018-08-13,bkd wealth advisor llc increased position amazon com nd quarter,0.0,1.0,0.5
2018-08-13,bkd wealth advisor llc owns share e commerce giant stock worth purchasing additional share last quarter,1.0,1.0,0.463
2018-08-13,finally signalpoint asset management llc increased position amazon com nd quarter,0.0,1.0,0.441
2018-08-13,signalpoint asset management llc owns share e commerce giant stock worth purchasing additional share last quarter,1.0,1.0,0.444
2018-08-14,selling item inventory stash amazon,0.0,1.0,0.298
2018-08-15,amazon javelin spear skill w life gc x fg x fg resist w poison damage sc x price resist w fire damage sc x price,1.0,1.0,0.063
2018-08-15,back day befor stop playing year used part amazon basin,1.0,1.0,0.276
2018-08-15,adam dyson aug th symphony asset management llc cut stake amazon com inc,0.0,-1.0,0.129
2018-08-15,nasdaq amzn first quarter according company recent disclosure security exchange commission sec,0.0,1.0,0.179
2018-08-15,fund owned share e commerce giant stock selling share period,1.0,1.0,0.386
2018-08-15,amazon com comprises approximately symphony asset management llc portfolio making stock th largest position,1.0,1.0,0.259
2018-08-15,symphony asset management llc holding amazon com worth end recent reporting period,1.0,1.0,0.404
2018-08-15,stifel financial corp lifted position amazon com first quarter,1.0,1.0,0.175
2018-08-15,stifel financial corp owns share e commerce giant stock valued acquiring additional share last quarter,1.0,1.0,0.399
2018-08-15,lifted position amazon com first quarter,1.0,1.0,0.254
2018-08-15,owns share e commerce giant stock valued acquiring additional share last quarter,1.0,1.0,0.477
2018-08-15,lee capital management lp lifted position amazon com first quarter,1.0,1.0,0.159
2018-08-15,lee capital management lp owns share e commerce giant stock valued acquiring additional share last quarter,1.0,1.0,0.378
2018-08-15,finally well done llc purchased new stake amazon com first quarter valued,1.0,1.0,0.427
2018-08-15,get amazon com alert number brokerage recently weighed amzn,1.0,1.0,0.464
2018-08-15,citigroup boosted price target share amazon com gave company buy rating research report friday april th,1.0,1.0,0.33
2018-08-15,piper jaffray company restated overweight rating issued price objective share amazon com research note friday july th,1.0,1.0,0.191
2018-08-15,cascend security assumed coverage share amazon com research note friday may th,1.0,1.0,0.412
2018-08-15,credit suisse group restated outperform rating issued price objective share amazon com research note friday april th,1.0,1.0,0.317
2018-08-15,finally well fargo co restated buy rating share amazon com research note friday may th,1.0,1.0,0.333
2018-08-15,two research analyst rated stock hold rating fifty issued buy rating one assigned strong buy rating company,1.0,1.0,0.171
2018-08-15,following sale chief executive officer directly owns share company valued approximately,0.0,1.0,0.362
2018-08-15,last quarter insider sold share company stock worth,1.0,1.0,0.406
2018-08-15,company insider company stock,1.0,1.0,0.05
2018-08-15,share amazon com stock opened wednesday,1.0,1.0,0.494
2018-08-15,company current ratio quick ratio debt equity ratio,1.0,-1.0,0.263
2018-08-15,amazon com nasdaq amzn last issued quarterly earnings result thursday july th,1.0,1.0,0.134
2018-08-15,e commerce giant reported earnings per share eps quarter topping analyst consensus estimate,1.0,1.0,0.167
2018-08-15,business revenue compared quarter last year,0.0,-1.0,0.05
2018-08-15,see also invest growth stock want see hedge fund holding amzn visit holdingschannel com get latest f filing insider trade amazon com inc,1.0,1.0,0.228
2018-08-16,walmart earnings show physical store fend amazon walmart share soaring second quarter earnings welcome relief stock fell following retailer two previous quarterly report,0.0,1.0,0.345
2018-08-16,video people use stream people seem using amazon roku device last year,1.0,1.0,0.134
2018-08-16,e commerce revenue quarter expects hit entire fiscal year,0.0,-1.0,0.05
2018-08-16,ceo doug mcmillon optimistic company omnichannel future said much earnings release,1.0,1.0,0.187
2018-08-16,pleased customer responding way leveraging store e commerce make shopping faster convenient ceo doug mcmillon said,0.0,1.0,0.172
2018-08-16,company lowered sale guidance store outside u,0.0,-1.0,0.231
2018-08-16,disappointment q decline operating income billion billion quarter year earlier,0.0,-1.0,0.292
2018-08-16,business strong quarter international business saw operating income excluding foreign exchange drop quarter billion,0.0,-1.0,0.121
2018-08-16,walmart success last july highlighted reason thought walmart hold candle amazon nasdaq amzn,1.0,1.0,0.329
2018-08-16,end day least come prime,1.0,1.0,0.05
2018-08-16,compare broker paraphrasing scotty star trek walmart giving got captain still enough keep jeff bezos company,0.0,1.0,0.138
2018-08-16,retailer size including walmart amazon working hard figure last mile,1.0,1.0,0.153
2018-08-16,amazon debate come critical piece e commerce puzzle still much air wrote july,1.0,1.0,0.121
2018-08-16,article printed investorplace medium http investorplace com maybe walmart hold candle amazon,1.0,1.0,0.134
2018-08-16,come time crowd get ahead,1.0,1.0,0.05
2018-08-16,amzn stock monthly chart click enlarge monthly chart amzn stock show share become increasingly popular past year,1.0,1.0,0.25
2018-08-16,since breaking smallish flat base last september amazon technical path continued high turned nearly parabolic,1.0,1.0,0.108
2018-08-16,could say share look technically baseless history indication today overly friendly price trend amazon increasingly risk larger correction,1.0,1.0,0.306
2018-08-16,amazon stock bear bull long put butterfly view amzn stock look great chart risk technically getting long exposure discount make sense,1.0,1.0,0.224
2018-08-16,amazon corrects double digit spread could explode price cent credit profit north correction november expiration developed,1.0,1.0,0.356
2018-08-16,equivalent breaking even nearly amazon time high,1.0,1.0,0.221
2018-08-16,article printed investorplace medium http investorplace com prime deal amzn stock trader,1.0,1.0,0.05
2018-08-17,adam dyson aug th bernicke wealth management ltd,0.0,1.0,0.314
2018-08-17,cut holding share amazon com inc,1.0,1.0,0.433
2018-08-17,nasdaq amzn st quarter holdingschannel com report,1.0,1.0,0.05
2018-08-17,institutional investor owned share e commerce giant stock selling share quarter,1.0,1.0,0.355
2018-08-17,amazon com comprises bernicke wealth management ltd holding making stock th largest position,1.0,1.0,0.308
2018-08-17,bernicke wealth management ltd holding amazon com worth end recent quarter,1.0,1.0,0.459
2018-08-17,palladium partner llc raised holding amazon com st quarter,1.0,1.0,0.175
2018-08-17,palladium partner llc owns share e commerce giant stock worth purchasing additional share last quarter,1.0,1.0,0.364
2018-08-17,increased stake share amazon com st quarter,1.0,1.0,0.6
2018-08-17,adv increased stake share amazon com st quarter,1.0,1.0,0.545
2018-08-17,adv owns share e commerce giant stock valued acquiring additional share last quarter,1.0,1.0,0.448
2018-08-17,oxbow advisor llc increased stake share amazon com th quarter,1.0,1.0,0.462
2018-08-17,oxbow advisor llc owns share e commerce giant stock valued acquiring additional share last quarter,1.0,1.0,0.399
2018-08-17,finally reilly financial advisor llc increased stake share amazon com st quarter,1.0,1.0,0.4
2018-08-17,reilly financial advisor llc owns share e commerce giant stock valued acquiring additional share last quarter,1.0,1.0,0.378
2018-08-17,hedge fund institutional investor company stock,1.0,1.0,0.05
2018-08-17,get amazon com alert amzn opened friday,1.0,1.0,0.438
2018-08-17,amazon com nasdaq amzn last posted quarterly earnings data thursday july th,1.0,1.0,0.134
2018-08-17,e commerce giant reported earnings per share eps quarter topping zacks consensus estimate,1.0,1.0,0.167
2018-08-17,firm revenue billion quarter compared consensus estimate billion,0.0,-1.0,0.05
2018-08-17,analyst expect amazon com inc,1.0,1.0,0.298
2018-08-17,susquehanna bancshares lifted price objective share amazon com research note friday april th,1.0,1.0,0.262
2018-08-17,royal bank canada reiterated rating share amazon com research note wednesday july th,1.0,1.0,0.262
2018-08-17,wedbush set price objective share amazon com gave company buy rating research note friday april th,1.0,1.0,0.218
2018-08-17,aegis reiterated buy rating issued price objective previously share amazon com research note friday april th,1.0,1.0,0.218
2018-08-17,finally suntrust bank lifted price objective share amazon com gave company buy rating research note friday april th,1.0,1.0,0.196
2018-08-17,company currently consensus rating buy average price target,1.0,1.0,0.05
2018-08-17,amazon com news director tom,1.0,1.0,0.298
2018-08-17,alberg sold share amazon com stock transaction monday august th,1.0,1.0,0.328
2018-08-17,ryder sold share amazon com stock transaction wednesday august st,1.0,1.0,0.328
2018-08-17,following transaction director directly owns share company valued,0.0,1.0,0.459
2018-08-17,insider sold total share company stock worth last ninety day,1.0,1.0,0.339
2018-08-17,currently aapl sport trillion market cap meaning lost trillion apple would still fairly large company,0.0,-1.0,0.141
2018-08-17,amzn likely becomes second trillion dollar company medium frenzy magnitude,0.0,-1.0,0.204
2018-08-17,aapl proved right leadership focus work even big dog compete today agility centric business environment,0.0,-1.0,0.05
2018-08-17,instance first company hit billion market cap u,1.0,1.0,0.05
2018-08-17,publicly traded company essentially living entity,0.0,-1.0,0.05
2018-08-17,many time gone aapl earnings report compare iphone growth rate year past invariably metric disappointing smartphones longer novel device,0.0,-1.0,0.133
2018-08-17,compare broker let forget ironically apple greatest product success came second,1.0,1.0,0.444
2018-08-17,indeed apple invent computer,1.0,1.0,0.05
2018-08-17,learned anything history company levered significantly toward one product vulnerable competition,1.0,-1.0,0.16
2018-08-17,starter primary e commerce business unlikely fall victim competition,0.0,-1.0,0.231
2018-08-17,fact quite opposite amazon ruthlessly disrupted retail sector,0.0,1.0,0.22
2018-08-17,powerful amzn company synonymous concept e commerce,1.0,1.0,0.359
2018-08-17,example amazon apple dominates smart speaker market share u,1.0,1.0,0.661
2018-08-17,amazon run business always trying prove something,1.0,1.0,0.221
2018-08-17,opinion apple appears idea unless somebody else come something improve upon,1.0,1.0,0.225
2018-08-17,company demonstrated elite class,0.0,-1.0,0.05
2018-08-17,article printed investorplace medium http investorplace com apple race amazon owns competition,1.0,1.0,0.134
2018-08-18,amazon theater amazon reportedly looking buy indie focused landmark theater chain currently owned wagner cuban co,1.0,1.0,0.378
2018-08-18,move happens still might would give amazon brick mortar distribution network content,0.0,1.0,0.134
2018-08-18,interestingly news talk boosted shared amc cinemark basis showed amazon trying destroy traditional cinema experience,0.0,-1.0,0.154
2018-08-18,lisa pomrenke aug th amazon com inc,0.0,1.0,0.221
2018-08-18,following sale chief financial officer owns share company stock valued,0.0,1.0,0.389
2018-08-18,company trading volume share compared average volume,1.0,1.0,0.268
2018-08-18,company market capitalization billion price earnings ratio peg ratio beta,1.0,1.0,0.05
2018-08-18,get amazon com alert amazon com nasdaq amzn last issued quarterly earnings data thursday july th,1.0,1.0,0.301
2018-08-18,firm revenue compared quarter last year,0.0,-1.0,0.05
2018-08-18,analyst forecast amazon com inc,1.0,1.0,0.298
2018-08-18,number equity research analyst commented amzn share,1.0,1.0,0.412
2018-08-18,loop capital raised price objective amazon com gave stock buy rating research report friday april th,1.0,1.0,0.102
2018-08-18,piper jaffray company raised price objective amazon com gave stock overweight rating research report tuesday july th,1.0,1.0,0.089
2018-08-18,morgan stanley set price objective amazon com gave stock buy rating research report saturday june th,1.0,1.0,0.102
2018-08-18,valuengine lowered amazon com buy rating hold rating research report thursday august nd,1.0,1.0,0.12
2018-08-18,finally jefferies financial group restated buy rating share amazon com research report monday july th,1.0,1.0,0.231
2018-08-18,two analyst rated stock hold rating fifty assigned buy rating one given strong buy rating company stock,1.0,1.0,0.171
2018-08-18,ledyard national bank increased position amazon com th quarter,1.0,1.0,0.352
2018-08-18,ledyard national bank owns share e commerce giant stock worth buying additional share period,1.0,1.0,0.387
2018-08-18,fintrust investment advisory service llc increased position amazon com th quarter,1.0,1.0,0.297
2018-08-18,fintrust investment advisory service llc owns share e commerce giant stock worth buying additional share period,1.0,1.0,0.344
2018-08-18,bought new position amazon com th quarter worth approximately,1.0,1.0,0.34
2018-08-18,matisse capital increased position amazon com th quarter,1.0,1.0,0.388
2018-08-18,matisse capital owns share e commerce giant stock worth buying additional share period,1.0,1.0,0.412
2018-08-18,finally dimension capital management llc increased position amazon com th quarter,1.0,1.0,0.297
2018-08-18,dimension capital management llc owns share e commerce giant stock worth buying additional share period,1.0,1.0,0.364
2018-08-18,amazon com company profile amazon com inc engages retail sale consumer product subscription north america internationally,1.0,1.0,0.293
2018-08-18,amazon pioneered e commerce stole significant market share traditional retailer one world largest retailer,1.0,1.0,0.363
2018-08-18,amazon pioneered cloud service stole significant market share traditional player world largest cloud company,1.0,1.0,0.341
2018-08-18,amazon attempting pioneer omni channel commerce grocery sector,1.0,1.0,0.195
2018-08-18,history repeat amazon steal significant market share traditional grocer eventually become one world largest grocer,1.0,1.0,0.286
2018-08-18,indeed successive disruption allowed amazon maintain roughly plus revenue growth rate decade,1.0,1.0,0.379
2018-08-18,anything pace amazon disruption picking,1.0,1.0,0.236
2018-08-18,amazon keep disrupting type relentless com,1.0,1.0,0.42
2018-08-18,way back day amazon idea founder jeff bezos thought naming company relentless,1.0,1.0,0.225
2018-08-18,anyone familiar company amazon relentless synonymous,0.0,1.0,0.42
2018-08-18,bezos company nothing short relentless pursuit dominating multiple market online retail video streaming cloud service offline retail,0.0,-1.0,0.257
2018-08-18,instead look like amazon take pursuit next level,1.0,1.0,0.412
2018-08-18,track record stand anything amazon continue relentless likely aggressively pursue several disruption,1.0,1.0,0.185
2018-08-18,era amazon disruption far,1.0,1.0,0.274
2018-08-18,amazon stock keep powering higher long amazon keep disrupting amzn stock head higher,1.0,1.0,0.236
2018-08-18,disruption give amazon much firepower grow long term keep growth rate high mature business slow,1.0,1.0,0.345
2018-08-18,compare broker example amazon online retail business naturally slowing due scale,0.0,1.0,0.145
2018-08-18,word amazon keep growing define exclusively e commerce company,0.0,1.0,0.362
2018-08-18,instead technology company finger tip essentially every industry matter,0.0,1.0,0.121
2018-08-18,put together amazon addressable market trillion plus growing,0.0,1.0,0.362
2018-08-18,bottom line amzn stock long amazon keep disrupting amzn stock head higher,1.0,1.0,0.134
2018-08-18,come point valuation legitimate concern business,1.0,1.0,0.05
2018-08-18,long amazon keep disrupting point,1.0,1.0,0.298
2018-08-18,article printed investorplace medium http investorplace com amazon stock keep winning long keep disrupting,1.0,1.0,0.298
2018-08-19,lede working last dossier clever effective winning pattern p using option today examine similar approach amazon com nasdaq amzn,1.0,1.0,0.444
2018-08-19,tap see back test finally completeness last year tap see back test try simply used trade machine custom strategy builder,1.0,1.0,0.05
2018-08-19,become expert strategy building watching video accessed link directly custom strategy button,1.0,1.0,0.05
2018-08-19,custom strategy used p used amazon,0.0,1.0,0.298
2018-08-19,tap link become option expert,1.0,1.0,0.05
2018-08-20,company still sell dvrs including voice controlled k bolt age streaming video tech giant worth fraction era market cap,1.0,1.0,0.101
2018-08-20,amazon frank would connect wirelessly amazon fire tv streamer would allow user stream recorded video smartphone could watch convenience,1.0,1.0,0.233
2018-08-20,frank would put amazon direct competition tivo service like slingbox,0.0,1.0,0.344
2018-08-20,bloomberg source say amazon tivo equivalent cooked company infamous lab r facility,1.0,1.0,0.145
2018-08-20,team developed key hardware amazon including kindle e reader kindle fire tablet fire tv video streamer amazon echo smart speaker,1.0,1.0,0.245
2018-08-20,bloomberg also note amazon decided whether pull trigger frank possible project may never see light day,1.0,1.0,0.102
2018-08-20,still news amazon frank enough jolt tivo stock investor reacted possibility giant tech company invading tivo market,1.0,1.0,0.096
2018-08-20,would amazon want take tivo question asked would amzn release amazon tivo competitor like consumer snapping dvrs day,1.0,1.0,0.34
2018-08-20,amazon may simple adding yet another component tie consumer goal hub smart home,1.0,1.0,0.286
2018-08-20,information could help company choose new original video release,1.0,1.0,0.417
2018-08-20,company manufacturing relationship scale amazon frank could undoubtedly produced low cost,0.0,-1.0,0.164
2018-08-20,bloomberg source say amazon looking add additional television manufacturing partner bring integrated fire tv service consumer,0.0,-1.0,0.133
2018-08-20,whatever come amazon frank fire tv integration plan one thing clear amzn continues determined living room,1.0,1.0,0.318
2018-08-20,article printed investorplace medium http investorplace com amazon frank report sends tivo stock tumbling,1.0,1.0,0.116
2018-08-20,billion away nine zero amzn stock need increase become second public company hit exclusive market cap,1.0,1.0,0.213
2018-08-20,logical question ask amazon hit trillion,0.0,1.0,0.254
2018-08-20,instead consider amazon might look like company hit trillion,0.0,1.0,0.375
2018-08-20,surge corporate spinoffs come shareholder activist investor like nelson peltz carl icahn make case business worth separately together,1.0,1.0,0.216
2018-08-20,know conglomerate least conglomerate like activist investor start calling company breakup,1.0,1.0,0.2
2018-08-20,investor business daily ran piece digital conglomerate like amazon,1.0,1.0,0.375
2018-08-20,amazon core evolved something much amorphous conglomerate world first true industry agnostic platform ecosystem loose thread argued february,1.0,1.0,0.191
2018-08-20,company growing portfolio public private investment,1.0,1.0,0.254
2018-08-20,kim noted two year amazon investment portfolio grown billion,1.0,1.0,0.175
2018-08-20,one two investment manager todd comb read much page day effort find next great business trend make berkshire hathaway whole better,1.0,1.0,0.269
2018-08-20,billionaire become billionaire first place,1.0,1.0,0.05
2018-08-20,got trillion market cap amazon going get trillion owning global e commerce,0.0,1.0,0.145
2018-08-20,unlike berkshire hathaway e commerce business getting big piece one pie government like,1.0,1.0,0.185
2018-08-20,something change amazon legitimately risk forced breakup u,1.0,1.0,0.157
2018-08-20,might work see amazon choice,1.0,1.0,0.298
2018-08-20,article printed investorplace medium http investorplace com forget trillion amzn hit trillion date,0.0,-1.0,0.137
2018-08-21,tesla stock might stuck place elon musk stay mum going private consumer edge research downgraded tesla arguing share rangebound still comparing tech giant like apple amazon,1.0,1.0,0.198
2018-08-21,amazon website say k k based revenue employee worst part amazon chooses much pay per delivery,0.0,-1.0,0.291
2018-08-21,amazon pay per delivery jan st make k per year screwed,1.0,1.0,0.128
2018-08-22,amazon grocery aws could keep share rising mkm partner analyst called amazon best long term growth investment available investor today,1.0,1.0,0.453
2018-08-22,condo skyscraper planned chromer building property former site amazon office elysian bar,0.0,1.0,0.134
2018-08-22,exclusive amazon add space market st san francisco,1.0,1.0,0.348
2018-08-22,amazon amzn gain market dip know,1.0,1.0,0.56
2018-08-22,target ring e commerce growth latest quarter,0.0,1.0,0.342
2018-08-22,amazon could worth trillion analyst say,0.0,1.0,0.474
2018-08-22,nvidia competing best customer,1.0,1.0,0.583
2018-08-22,need amazon torch post item full desciption leave price,1.0,1.0,0.172
2018-08-23,sec eas corporate filing may help investor sec gave company break certain filing requirement alteration could cause problem,0.0,-1.0,0.12
2018-08-23,amazon getting started grocery,1.0,1.0,0.362
2018-08-23,alibaba tmall com reign king chinese e commerce,1.0,1.0,0.05
2018-08-23,amazon go face rivalry zippin,1.0,1.0,0.298
2018-08-23,alibaba take page amazon playbook cloud computing,0.0,1.0,0.221
2018-08-23,complete list store sears closing,1.0,1.0,0.05
2018-08-23,read amazon first known online job listing posted jeff bezos,0.0,1.0,0.159
2018-08-23,alibaba growth prof true amazon china,0.0,1.0,0.703
2018-08-23,apple finally valued like tech company,1.0,1.0,0.574
2018-08-23,amazon expands san francisco office tower,1.0,1.0,0.437
2018-08-23,struggling company retreat mode,0.0,-1.0,0.424
2018-08-23,jefferies say buy consumer stock due rising wage including amazon,1.0,1.0,0.159
2018-08-23,theater stock trouble amazon target landmark,0.0,-1.0,0.31
2018-08-23,walmart going market completely dominated amazon,1.0,1.0,0.283
2018-08-23,little literary fiction nonfiction imprint amazon publishing publish u congresswoman jonestown massacre survivor jackie speiers memoir undaunted business,1.0,1.0,0.219
2018-08-23,zacks analyst blog highlight target walmart amazon home depot nordstrom,1.0,1.0,0.339
2018-08-23,jonathan aberman mood c region business community faint optimism,0.0,1.0,0.333
2018-08-23,scott davis aug rd united american security inc,0.0,1.0,0.464
2018-08-23,b uas asset management decreased position share amazon com inc,0.0,1.0,0.516
2018-08-23,nasdaq amzn st quarter according company recent f filing security exchange commission,0.0,1.0,0.194
2018-08-23,amazon com make approximately united american security inc,1.0,1.0,0.58
2018-08-23,b uas asset management holding amazon com worth end recent reporting period,1.0,1.0,0.433
2018-08-23,lifted holding amazon com th quarter,1.0,1.0,0.254
2018-08-23,fisher asset management llc lifted holding amazon com st quarter,0.0,1.0,0.344
2018-08-23,fisher asset management llc owns share e commerce giant stock worth buying additional share period,1.0,1.0,0.468
2018-08-23,manufacturer life insurance company lifted holding amazon com th quarter,1.0,1.0,0.159
2018-08-23,manufacturer life insurance company owns share e commerce giant stock worth buying additional share period,1.0,1.0,0.364
2018-08-23,finally swiss national bank lifted holding amazon com th quarter,1.0,1.0,0.159
2018-08-23,swiss national bank owns share e commerce giant stock worth buying additional share period,1.0,1.0,0.387
2018-08-23,get amazon com alert share amazon com stock opened thursday,1.0,1.0,0.565
2018-08-23,amazon com nasdaq amzn last issued earnings result thursday july th,1.0,1.0,0.145
2018-08-23,e commerce giant reported eps quarter beating analyst consensus estimate,1.0,-1.0,0.273
2018-08-23,period previous year company posted eps,1.0,1.0,0.05
2018-08-23,several brokerage commented amzn,1.0,1.0,0.05
2018-08-23,jefferies financial group reaffirmed buy rating share amazon com report thursday,1.0,1.0,0.302
2018-08-23,mkm partner boosted price objective amazon com gave company buy rating research note wednesday,1.0,1.0,0.259
2018-08-23,jmp security reissued buy rating issued price objective share amazon com research note monday,1.0,1.0,0.364
2018-08-23,oppenheimer reissued buy rating share amazon com research note friday august th,1.0,1.0,0.281
2018-08-23,finally macquarie reissued buy rating share amazon com research note wednesday august th,1.0,1.0,0.262
2018-08-23,two research analyst rated stock hold rating fifty given buy rating one given strong buy rating company,1.0,1.0,0.171
2018-08-23,amazon com currently consensus rating buy average target price,1.0,1.0,0.175
2018-08-23,amazon com news cfo brian,1.0,1.0,0.298
2018-08-23,following completion sale chief financial officer directly owns share company stock valued approximately,0.0,1.0,0.317
2018-08-23,sale disclosed filing security exchange commission accessible sec website,0.0,1.0,0.231
2018-08-23,following sale director directly owns share company stock valued,0.0,1.0,0.421
2018-08-23,insider sold total share company stock valued last ninety day,1.0,1.0,0.389
2018-08-23,adam dyson aug rd moneta group investment advisor llc grew position share amazon com inc,1.0,1.0,0.231
2018-08-23,nasdaq amzn st quarter according company recent form f filing security exchange commission,0.0,1.0,0.179
2018-08-23,fund owned share e commerce giant stock acquiring additional share period,1.0,1.0,0.355
2018-08-23,moneta group investment advisor llc holding amazon com worth recent sec filing,1.0,1.0,0.265
2018-08-23,mackay shield llc bought new position share amazon com first quarter valued,1.0,1.0,0.43
2018-08-23,bought new position amazon com fourth quarter worth,1.0,1.0,0.375
2018-08-23,dimensional fund advisor lp raised stake amazon com first quarter,1.0,1.0,0.159
2018-08-23,dimensional fund advisor lp owns share e commerce giant stock worth buying additional share last quarter,1.0,1.0,0.344
2018-08-23,alkeon capital management llc raised stake amazon com fourth quarter,1.0,1.0,0.159
2018-08-23,alkeon capital management llc owns share e commerce giant stock worth buying additional share last quarter,1.0,1.0,0.344
2018-08-23,bought new position amazon com first quarter worth,1.0,1.0,0.375
2018-08-23,get amazon com alert news ceo jeffrey,1.0,1.0,0.438
2018-08-23,following sale chief executive officer owns share company valued,0.0,1.0,0.421
2018-08-23,company market cap billion pe ratio peg ratio beta,0.0,-1.0,0.05
2018-08-23,amazon com nasdaq amzn last posted quarterly earnings result thursday july th,1.0,1.0,0.134
2018-08-23,e commerce giant reported eps quarter beating zacks consensus estimate,1.0,-1.0,0.273
2018-08-23,firm revenue billion quarter compared analyst expectation billion,0.0,-1.0,0.05
2018-08-23,quarter prior year company posted earnings per share,0.0,1.0,0.239
2018-08-23,equity analyst predict amazon com inc,1.0,1.0,0.254
2018-08-23,loop capital increased price target share amazon com gave stock buy rating research note friday april th,1.0,1.0,0.3
2018-08-23,piper jaffray company increased price target share amazon com gave stock overweight rating research note tuesday july th,1.0,1.0,0.267
2018-08-23,valuengine downgraded share amazon com buy rating hold rating research note thursday august nd,1.0,1.0,0.245
2018-08-23,reissued buy rating share amazon com research note tuesday august th,1.0,1.0,0.302
2018-08-23,finally morgan stanley set price target share amazon com gave stock buy rating research note saturday june th,1.0,1.0,0.196
2018-08-23,two equity research analyst rated stock hold rating fifty assigned buy rating one assigned strong buy rating company,1.0,1.0,0.163
2018-08-23,amazon com presently average rating buy consensus target price,1.0,1.0,0.175
2018-08-23,featured article short selling want see hedge fund holding amzn visit holdingschannel com get latest f filing insider trade amazon com inc,1.0,1.0,0.136
2018-08-24,retail way big retailer q online omnichannel execution boosted result company clear pricing advantage according morgan stanley,1.0,1.0,0.353
2018-08-24,amazon stealing market share facebook google,1.0,1.0,0.368
2018-08-24,better buy apple aapl v amazon amzn stock,1.0,1.0,0.479
2018-08-24,retail sector see resurgence despite amazon effect fear fox business,0.0,-1.0,0.125
2018-08-24,video game company grab two building mission street big expansion,1.0,1.0,0.05
2018-08-24,army set new command focused future war located austin texas,1.0,1.0,0.179
2018-08-24,u call foreign mail system unfair surprise win amazon,1.0,1.0,0.517
2018-08-24,amd dethrones amazon investor money flow,0.0,1.0,0.254
2018-08-24,amazon stock cant go much highercan,0.0,1.0,0.254
2018-08-24,amazon recruit army online cheerleader tweet company working condition,1.0,1.0,0.34
2018-08-24,zacks analyst blog highlight amazon com apple nvidia mosaic apache,1.0,1.0,0.339
2018-08-24,zacks investment idea feature highlight apple amazon alphabet microsoft,0.0,1.0,0.369
2018-08-24,u company investing tomorrow big idea,1.0,1.0,0.05
2018-08-24,jd com business grew last quarter,1.0,1.0,0.05
2018-08-24,gulch developer discussion possible fortune corporation amazon,1.0,1.0,0.221
2018-08-24,jim brewer aug th investor purchased share amazon com inc,1.0,1.0,0.328
2018-08-24,stock tracked amazon com nd highest net flow day,1.0,1.0,0.175
2018-08-24,amazon com traded day closed specifically ceo andrew r,1.0,1.0,0.195
2018-08-24,transaction disclosed legal filing security exchange commission available sec website,0.0,1.0,0.328
2018-08-24,following sale director owns share company valued approximately,0.0,1.0,0.459
2018-08-24,insider sold share company stock worth last day,1.0,1.0,0.406
2018-08-24,several equity research analyst recently issued report company,1.0,1.0,0.05
2018-08-24,oppenheimer restated buy rating share amazon com report friday august th,1.0,1.0,0.302
2018-08-24,macquarie restated buy rating share amazon com report friday june nd,1.0,1.0,0.302
2018-08-24,zacks investment research upgraded amazon com hold rating buy rating set price objective stock report tuesday july st,1.0,1.0,0.091
2018-08-24,jmp security restated buy rating share amazon com report thursday june st,1.0,1.0,0.412
2018-08-24,finally canaccord genuity restated buy rating set price objective previously share amazon com report friday april th,1.0,1.0,0.206
2018-08-24,two investment analyst rated stock hold rating forty nine issued buy rating one given strong buy rating company stock,1.0,1.0,0.155
2018-08-24,get amazon com alert company debt equity ratio current ratio quick ratio,1.0,1.0,0.253
2018-08-24,e commerce giant reported eps quarter beating consensus estimate,1.0,-1.0,0.3
2018-08-24,company revenue billion quarter compared analyst estimate billion,0.0,-1.0,0.05
2018-08-24,period last year company posted earnings per share,1.0,1.0,0.239
2018-08-24,analyst anticipate amazon com inc,0.0,1.0,0.298
2018-08-24,guidant wealth advisor grew stake share amazon com second quarter,0.0,1.0,0.504
2018-08-24,guidant wealth advisor owns share e commerce giant stock valued acquiring additional share last quarter,1.0,1.0,0.512
2018-08-24,taylor hoffman wealth management acquired new stake share amazon com fourth quarter valued,1.0,1.0,0.526
2018-08-24,acquired new stake share amazon com fourth quarter valued,1.0,1.0,0.531
2018-08-24,lee financial co grew stake share amazon com first quarter,1.0,1.0,0.328
2018-08-24,lee financial co owns share e commerce giant stock valued acquiring additional share last quarter,1.0,1.0,0.399
2018-08-24,finally point asia hong kong ltd acquired new stake share amazon com first quarter valued,1.0,1.0,0.362
2018-08-24,amazon com nasdaq amzn amazon com inc engages retail sale consumer product subscription north america internationally,1.0,1.0,0.293
2018-08-24,alibaba growth prof true amazon china finance yahoo com several brokerage issued report amzn,1.0,1.0,0.392
2018-08-24,oppenheimer reissued buy rating share amazon com report friday august th,1.0,1.0,0.302
2018-08-24,macquarie reissued buy rating share amazon com report friday june nd,1.0,1.0,0.302
2018-08-24,zacks investment research raised share amazon com hold rating buy rating set price target stock report tuesday july st,1.0,1.0,0.187
2018-08-24,jmp security reissued buy rating share amazon com report thursday june st,1.0,1.0,0.412
2018-08-24,finally canaccord genuity restated buy rating issued target price previously share amazon com research note friday april th,1.0,1.0,0.196
2018-08-24,two analyst rated stock hold rating fifty assigned buy rating one assigned strong buy rating company,1.0,1.0,0.18
2018-08-24,amazon com presently consensus rating buy consensus price target,1.0,1.0,0.175
2018-08-24,share company stock exchanged compared average volume,1.0,1.0,0.268
2018-08-24,amazon com one year low one year high,1.0,1.0,0.173
2018-08-24,amazon com nasdaq amzn last posted earnings result thursday july th,1.0,1.0,0.145
2018-08-24,amazon com revenue quarter compared quarter last year,1.0,1.0,0.195
2018-08-24,analyst predict amazon com post eps current year,1.0,1.0,0.195
2018-08-24,amazon com news svp david zapolsky sold share company stock transaction occurred wednesday august th,1.0,1.0,0.231
2018-08-24,following completion transaction senior vice president owns share company stock valued approximately,0.0,1.0,0.338
2018-08-24,wilke sold share company stock transaction occurred monday august th,1.0,1.0,0.196
2018-08-24,following transaction chief executive officer directly owns share company stock valued approximately,0.0,1.0,0.338
2018-08-25,amazon effect could impact inflation dynamic paper,0.0,1.0,0.462
2018-08-25,forget amazon watch digital retail company instead,0.0,-1.0,0.221
2018-08-25,amazon effect may make central bank job harder jackson hole,1.0,1.0,0.159
2018-08-25,level shit get real gamble long battle bow coming duriel bitch bowe upgrade help greatly highly recommend,0.0,-1.0,0.36
2018-08-26,tech company spending million secure transport top exec,0.0,1.0,0.412
2018-08-26,apple old news next trillion company,0.0,-1.0,0.05
2018-08-26,adam dyson aug th tikvah management llc grew position share amazon com inc,0.0,1.0,0.262
2018-08-26,institutional investor owned share e commerce giant stock buying additional share period,1.0,1.0,0.328
2018-08-26,amazon com account tikvah management llc holding making stock biggest holding,1.0,1.0,0.145
2018-08-26,tikvah management llc holding amazon com worth recent sec filing,1.0,1.0,0.31
2018-08-26,institutional investor also recently made change position company,1.0,1.0,0.05
2018-08-26,picton mahoney asset management lifted holding amazon com th quarter,0.0,1.0,0.344
2018-08-26,picton mahoney asset management owns share e commerce giant stock worth purchasing additional share last quarter,1.0,1.0,0.444
2018-08-26,acquired new stake amazon com th quarter worth approximately,1.0,1.0,0.34
2018-08-26,finally welch group llc lifted holding amazon com th quarter,1.0,1.0,0.159
2018-08-26,welch group llc owns share e commerce giant stock worth purchasing additional share last quarter,1.0,1.0,0.364
2018-08-26,get amazon com alert amazon com news ceo jeffrey,1.0,1.0,0.483
2018-08-26,wilke sold share company stock transaction dated monday august th,1.0,1.0,0.196
2018-08-26,following sale chief executive officer owns share company valued approximately,0.0,1.0,0.389
2018-08-26,transaction disclosed filing security exchange commission available link,0.0,1.0,0.255
2018-08-26,insider sold total share company stock worth last quarter,1.0,1.0,0.369
2018-08-26,amazon com nasdaq amzn last released quarterly earnings result thursday july th,1.0,1.0,0.134
2018-08-26,firm revenue billion quarter compared analyst estimate billion,0.0,-1.0,0.05
2018-08-26,quarter previous year company posted eps,0.0,-1.0,0.05
2018-08-26,equity research analyst expect amazon com inc,1.0,1.0,0.221
2018-08-26,bidaskclub raised amazon com buy rating strong buy rating report thursday may st,1.0,1.0,0.312
2018-08-26,jefferies financial group reaffirmed buy rating issued price objective share amazon com report friday august th,1.0,1.0,0.218
2018-08-26,oppenheimer reaffirmed buy rating share amazon com report friday august th,1.0,1.0,0.302
2018-08-26,royal bank canada reaffirmed buy rating share amazon com report monday july th,1.0,1.0,0.262
2018-08-26,finally zacks investment research raised amazon com hold rating buy rating set price objective company report tuesday july th,1.0,1.0,0.086
2018-08-26,two analyst rated stock hold rating forty nine assigned buy rating one given strong buy rating company stock,1.0,1.0,0.163
2018-08-26,company average rating buy average target price,1.0,1.0,0.05
2018-08-26,adam dyson aug th beck capital management llc cut stake share amazon com inc,1.0,1.0,0.229
2018-08-26,firm owned share e commerce giant stock selling share period,1.0,1.0,0.386
2018-08-26,amazon com make beck capital management llc portfolio making stock nd largest holding,1.0,1.0,0.124
2018-08-26,beck capital management llc holding amazon com worth recent sec filing,1.0,1.0,0.286
2018-08-26,institutional investor hedge fund also recently made change position company,1.0,1.0,0.05
2018-08-26,picton mahoney asset management lifted stake share amazon com th quarter,0.0,1.0,0.444
2018-08-26,picton mahoney asset management owns share e commerce giant stock valued purchasing additional share period,1.0,1.0,0.495
2018-08-26,lifted stake share amazon com th quarter,1.0,1.0,0.438
2018-08-26,owns share e commerce giant stock valued purchasing additional share period,1.0,1.0,0.51
2018-08-26,purchased new position share amazon com th quarter valued approximately,1.0,1.0,0.493
2018-08-26,finally welch group llc lifted stake share amazon com th quarter,1.0,1.0,0.302
2018-08-26,welch group llc owns share e commerce giant stock valued purchasing additional share period,1.0,1.0,0.422
2018-08-26,get amazon com alert news director judith,1.0,1.0,0.438
2018-08-26,following completion transaction chief executive officer owns share company stock valued approximately,0.0,1.0,0.338
2018-08-26,insider sold share company stock valued last day,1.0,1.0,0.459
2018-08-26,e commerce giant reported earnings per share quarter topping thomson reuters consensus estimate,1.0,1.0,0.167
2018-08-26,company revenue year year basis,1.0,1.0,0.05
2018-08-26,research analyst anticipate amazon com inc,0.0,1.0,0.254
2018-08-26,number research firm recently commented amzn,1.0,1.0,0.206
2018-08-26,nomura restated buy rating share amazon com research note friday july th,1.0,1.0,0.281
2018-08-26,canaccord genuity raised target price amazon com gave company buy rating research note friday july th,1.0,1.0,0.102
2018-08-26,morgan stanley restated buy rating share amazon com research note wednesday july th,1.0,1.0,0.262
2018-08-26,royal bank canada restated rating share amazon com research note wednesday july th,1.0,1.0,0.262
2018-08-26,finally macquarie restated buy rating share amazon com research note friday july th,1.0,1.0,0.262
2018-08-26,two equity research analyst rated stock hold rating forty nine issued buy rating one issued strong buy rating company,1.0,1.0,0.155
2018-08-26,company presently average rating buy consensus target price,1.0,1.0,0.05
2018-08-26,featured story price earnings ratio pe want see hedge fund holding amzn visit holdingschannel com get latest f filing insider trade amazon com inc,1.0,1.0,0.125
